chr	startpos	endpos	nMajor	nMinor	segMean	bafMean	nProbes
19	15646833	15671129	2	1	0.433979487179487	0.634223529411765	39
19	15671369	16124210	1	1	-0.0554583333333333	0.5	336
19	16130563	22550472	1	0	-0.546720072551391	0.628557471762048	3308
19	2021910	8046135	1	0	-0.344079924717691	0.5	2391
19	22550842	23038503	1	1	-0.146495471698113	0.5	265
19	23039898	23133736	4	0	0.439129508196721	NA	61
19	23144414	24413948	1	1	-0.201350484094053	0.5	723
19	27257085	27955494	3	1	0.57035	0.674851591666667	222
19	27956205	27965622	5	2	1.24734166666667	0.674851591666667	12
19	27969356	27990506	3	1	0.583462068965517	0.674851591666667	29
19	27991753	28029203	2	0	-0.01405	0.674851591666667	40
19	28030554	28071380	6	0	0.893696551724138	NA	29
19	28073761	28583221	10	1	1.70501921296296	0.870473015873016	432
19	28584900	28912636	7	1	1.39888600823045	0.80752	243
19	28912663	29202003	11	1	1.72662666666667	0.878674418604651	240
19	29202411	29386257	6	0	0.964500588235293	0.878674418604651	170
19	29388209	30105805	11	1	1.7884831758034	0.878674418604651	529
19	30106600	30138513	6	1	1.221276	0.79295	25
19	30138662	30234227	2	1	0.256032142857143	0.642595244642857	56
19	30235127	30397126	4	1	0.762026446280992	0.7717247015625	121
19	30398505	30428083	2	0	0.073115	0.666850795833333	20
19	30433481	30672277	4	1	0.6403359375	0.735754166666667	192
19	30674362	30842878	2	2	0.444872972972973	0.5	111
19	30843114	31059110	1	1	-0.22278	0.5	165
19	31059921	31125657	2	1	0.423804	0.5	50
19	31128190	31230018	1	1	-0.03767125	0.5	80
19	31231791	31339707	3	1	0.658191666666667	0.680099204166667	84
19	31342142	36740532	1	1	-0.196529411764706	0.5	3485
19	36746681	37647853	3	1	0.523022119815668	0.682572510227273	434
19	37650065	48032930	1	0	-0.275143363499246	0.5	5304
19	48033383	48047611	1	1	0.050505	0.5	20
19	48048613	58586487	1	0	-0.27453385458649	0.5	6203
19	8052166	15646161	1	1	-0.225129148099607	0.5	3815
19	90910	2006286	0	0	-0.881167826086957	0.688781538461538	460
